{"id": 1, "src": "the fda approved over - the - counter ( otc ) use of vaginal antifungals in 1990 . subsequently , a plethora of otc products have become available to women on drugstore shelves . the purpose of this study was to determine the availability of otc products marketed for the treatment of vaginitis and to determine if their efficacy had been confirmed by published prospective randomized control trials ( rcts ) ."}
{"id": 2, "src": "subsequent questions revealed that other symptoms were confined to the otolaryngeal region , which were episodes of mild dysphonia , dysphagia , sleep apnea , and snoring . laboratory data revealed marked hypothyroidism and positive tests for antithyroglobulin and antimicrosomal antibodies . after administration of thyroxin , the dysarthria and the other symptoms rapidly disappeared ."}
{"id": 3, "src": "hv angle of the left foot correlated with physical role , pain , and social function sub - domains of sf-36 . right hv angles were correlated with right foot pain and non - weight - bearing sp . [ conclusion ] increasing hv angle and pathomechanical changes in the rear foot are correlated , resulting in increasing pain and thus decreasing functional status as well as decreasing quality of life ."}